Workbook

Sheet DonHang
A1: Mã vận đơn | B1: Mã dịch vụ | C1: Khu vực | D1: Khối lượng (kg) | E1: Giá cước | F1: Trạng thái tra cứu | G1: Ngày tạo
A2: FM000001 | B2: FM-NOIBAI | C2: Nội thành | D2: 1.3 | E2: =IFERROR(VLOOKUP(B2,GiaCuoc!$A$2:$C$6,3,FALSE),"Kiểm tra mã dịch vụ") | F2: =IF(E2="Kiểm tra mã dịch vụ","Cần kiểm tra","Đã tra cước") | G2: 46320
A3: FM000002 | B3: FM-NGOAITHANH | C3: Ngoại thành | D3: 2.6 | E3: =IFERROR(VLOOKUP(B3,GiaCuoc!$A$2:$C$6,3,FALSE),"Kiểm tra mã dịch vụ") | F3: =IF(E3="Kiểm tra mã dịch vụ","Cần kiểm tra","Đã tra cước") | G3: 46319
A4: FM000003 | B4: FM-LIENMIEN | C4: Liên miền | D4: 3.9 | E4: =IFERROR(VLOOKUP(B4,GiaCuoc!$A$2:$C$6,3,FALSE),"Kiểm tra mã dịch vụ") | F4: =IF(E4="Kiểm tra mã dịch vụ","Cần kiểm tra","Đã tra cước") | G4: 46318
A5: FM000004 | B5: FM-HOATOC | C5: Hỏa tốc | D5: 5.2 | E5: =IFERROR(VLOOKUP(B5,GiaCuoc!$A$2:$C$6,3,FALSE),"Kiểm tra mã dịch vụ") | F5: =IF(E5="Kiểm tra mã dịch vụ","Cần kiểm tra","Đã tra cước") | G5: 46317
A6: FM000005 | B6: FM-TIETKIEM | C6: Tiết kiệm | D6: 6.5 | E6: =IFERROR(VLOOKUP(B6,GiaCuoc!$A$2:$C$6,3,FALSE),"Kiểm tra mã dịch vụ") | F6: =IF(E6="Kiểm tra mã dịch vụ","Cần kiểm tra","Đã tra cước") | G6: 46316
A7: FM000006 | B7: FM-NOIBAI | C7: Nội thành | D7: 7.8 | E7: =IFERROR(VLOOKUP(B7,GiaCuoc!$A$2:$C$6,3,FALSE),"Kiểm tra mã dịch vụ") | F7: =IF(E7="Kiểm tra mã dịch vụ","Cần kiểm tra","Đã tra cước") | G7: 46315
A8: FM000007 | B8: FM-NGOAITHANH | C8: Ngoại thành | D8: 9.1 | E8: =IFERROR(VLOOKUP(B8,GiaCuoc!$A$2:$C$6,3,FALSE),"Kiểm tra mã dịch vụ") | F8: =IF(E8="Kiểm tra mã dịch vụ","Cần kiểm tra","Đã tra cước") | G8: 46314
A9: FM000008 | B9: FM-LIENMIEN | C9: Liên miền | D9: 10.4 | E9: =IFERROR(VLOOKUP(B9,GiaCuoc!$A$2:$C$6,3,FALSE),"Kiểm tra mã dịch vụ") | F9: =IF(E9="Kiểm tra mã dịch vụ","Cần kiểm tra","Đã tra cước") | G9: 46313
A10: FM000009 | B10: FM-HOATOC | C10: Hỏa tốc | D10: 11.7 | E10: =IFERROR(VLOOKUP(B10,GiaCuoc!$A$2:$C$6,3,FALSE),"Kiểm tra mã dịch vụ") | F10: =IF(E10="Kiểm tra mã dịch vụ","Cần kiểm tra","Đã tra cước") | G10: 46312
A11: FM000010 | B11: FM-TIETKIEM | C11: Tiết kiệm | D11: 13 | E11: =IFERROR(VLOOKUP(B11,GiaCuoc!$A$2:$C$6,3,FALSE),"Kiểm tra mã dịch vụ") | F11: =IF(E11="Kiểm tra mã dịch vụ","Cần kiểm tra","Đã tra cước") | G11: 46311
A12: FM000011 | B12: FM-NOIBAI | C12: Nội thành | D12: 14.3 | E12: =IFERROR(VLOOKUP(B12,GiaCuoc!$A$2:$C$6,3,FALSE),"Kiểm tra mã dịch vụ") | F12: =IF(E12="Kiểm tra mã dịch vụ","Cần kiểm tra","Đã tra cước") | G12: 46310
A13: FM000012 | B13: FM-NGOAITHANH | C13: Ngoại thành | D13: 15.6 | E13: =IFERROR(VLOOKUP(B13,GiaCuoc!$A$2:$C$6,3,FALSE),"Kiểm tra mã dịch vụ") | F13: =IF(E13="Kiểm tra mã dịch vụ","Cần kiểm tra","Đã tra cước") | G13: 46309
... A501: FM000500 | B501: FM-TIETKIEM | C501: Tiết kiệm | D501: 0 | E501: =IFERROR(VLOOKUP(B501,GiaCuoc!$A$2:$C$6,3,FALSE),"Kiểm tra mã dịch vụ") | F501: =IF(E501="Kiểm tra mã dịch vụ","Cần kiểm tra","Đã tra cước") | G501: 46301

Sheet GiaCuoc
A1: Mã dịch vụ | B1: Tên dịch vụ | C1: Giá cước cơ bản (đ)
A2: FM-NOIBAI | B2: Nội thành | C2: 18000
A3: FM-NGOAITHANH | B3: Ngoại thành | C3: 26000
A4: FM-LIENMIEN | B4: Liên miền | C4: 42000
A5: FM-HOATOC | B5: Hỏa tốc | C5: 35000
A6: FM-TIETKIEM | B6: Tiết kiệm | C6: 15000

Sheet KPI
A1: KPI giao hàng | B1: Kết quả (%) | C1: Mục tiêu (%) | D1: Chênh lệch
A2: Giao đúng hẹn | B2: 92 | C2: 95 | D2: -3
A3: Giao thành công lần đầu | B3: 88 | C3: 90 | D3: -2
A4: Độ chính xác giá cước | B4: 97 | C4: 99 | D4: -2
A5: Cập nhật trạng thái đúng | B5: 96 | C5: 98 | D5: -2
A6: Xử lý ngoại lệ trong ngày | B6: 85 | C6: 90 | D6: -5
